"InstalledOn","__GENUS","__CLASS","__SUPERCLASS","__DYNASTY","__RELPATH","__PROPERTY_COUNT","__DERIVATION","__SERVER","__NAMESPACE","__PATH","Caption","CSName","Description","FixComments","HotFixID","InstallDate","InstalledBy","Name","ServicePackInEffect","Status"
"5/29/2017 12:00:00 AM","2","Win32_QuickFixEngineering","CIM_LogicalElement","CIM_ManagedSystemElement","Win32_QuickFixEngineering.HotFixID=""KB4019263"",ServicePackInEffect=""""","11","System.String[]","COMPUTERX","root\cimv2","\\COMPUTERX\root\cimv2:Win32_QuickFixEngineering.HotFixID=""KB4019263"",ServicePackInEffect=""""","http://support.microsoft.com/?kbid=4019263","COMPUTERX","Security Update","","KB4019263",,"NT AUTHORITY\SYSTEM",,"",
"5/29/2017 12:00:00 AM","2","Win32_QuickFixEngineering","CIM_LogicalElement","CIM_ManagedSystemElement","Win32_QuickFixEngineering.HotFixID=""KB4014579"",ServicePackInEffect=""""","11","System.String[]","COMPUTERX","root\cimv2","\\COMPUTERX\root\cimv2:Win32_QuickFixEngineering.HotFixID=""KB4014579"",ServicePackInEffect=""""","http://support.microsoft.com/?kbid=4014579","COMPUTERX","Security Update","","KB4014579",,"NT AUTHORITY\SYSTEM",,"",
"5/29/2017 12:00:00 AM","2","Win32_QuickFixEngineering","CIM_LogicalElement","CIM_ManagedSystemElement","Win32_QuickFixEngineering.HotFixID=""KB4019264"",ServicePackInEffect=""""","11","System.String[]","COMPUTERX","root\cimv2","\\COMPUTERX\root\cimv2:Win32_QuickFixEngineering.HotFixID=""KB4019264"",ServicePackInEffect=""""","http://support.microsoft.com/?kbid=4019264","COMPUTERX","Security Update","","KB4019264",,"NT AUTHORITY\SYSTEM",,"",
"5/29/2017 12:00:00 AM","2","Win32_QuickFixEngineering","CIM_LogicalElement","CIM_ManagedSystemElement","Win32_QuickFixEngineering.HotFixID=""KB4014504"",ServicePackInEffect=""""","11","System.String[]","COMPUTERX","root\cimv2","\\COMPUTERX\root\cimv2:Win32_QuickFixEngineering.HotFixID=""KB4014504"",ServicePackInEffect=""""","http://support.microsoft.com/?kbid=4014504","COMPUTERX","Update","","KB4014504",,"NT AUTHORITY\SYSTEM",,"",
"5/1/2017 12:00:00 AM","2","Win32_QuickFixEngineering","CIM_LogicalElement","CIM_ManagedSystemElement","Win32_QuickFixEngineering.HotFixID=""KB4015546"",ServicePackInEffect=""""","11","System.String[]","COMPUTERX","root\cimv2","\\COMPUTERX\root\cimv2:Win32_QuickFixEngineering.HotFixID=""KB4015546"",ServicePackInEffect=""""","http://support.microsoft.com/?kbid=4015546","COMPUTERX","Security Update","","KB4015546",,"NT AUTHORITY\SYSTEM",,"",
"5/1/2017 12:00:00 AM","2","Win32_QuickFixEngineering","CIM_LogicalElement","CIM_ManagedSystemElement","Win32_QuickFixEngineering.HotFixID=""KB4014565"",ServicePackInEffect=""""","11","System.String[]","COMPUTERX","root\cimv2","\\COMPUTERX\root\cimv2:Win32_QuickFixEngineering.HotFixID=""KB4014565"",ServicePackInEffect=""""","http://support.microsoft.com/?kbid=4014565","COMPUTERX","Update","","KB4014565",,"NT AUTHORITY\SYSTEM",,"",
"5/1/2017 12:00:00 AM","2","Win32_QuickFixEngineering","CIM_LogicalElement","CIM_ManagedSystemElement","Win32_QuickFixEngineering.HotFixID=""KB4014573"",ServicePackInEffect=""""","11","System.String[]","COMPUTERX","root\cimv2","\\COMPUTERX\root\cimv2:Win32_QuickFixEngineering.HotFixID=""KB4014573"",ServicePackInEffect=""""","http://support.microsoft.com/?kbid=4014573","COMPUTERX","Security Update","","KB4014573",,"NT AUTHORITY\SYSTEM",,"",
"3/27/2017 12:00:00 AM","2","Win32_QuickFixEngineering","CIM_LogicalElement","CIM_ManagedSystemElement","Win32_QuickFixEngineering.HotFixID=""KB4012212"",ServicePackInEffect=""""","11","System.String[]","COMPUTERX","root\cimv2","\\COMPUTERX\root\cimv2:Win32_QuickFixEngineering.HotFixID=""KB4012212"",ServicePackInEffect=""""","http://support.microsoft.com/?kbid=4012212","COMPUTERX","Security Update","","KB4012212",,"NT AUTHORITY\SYSTEM",,"",
